{"Qwen2.5-72B-Instruct": {"k-stat": 0.12711423643704747, "k-p_value": 1.4513911129116685e-15, "u-stat": 1955437.5, "u-p_value": 1.2041732963323995e-18}, "DeepSeek-V3": {"k-stat": 0.021368116563102637, "k-p_value": 0.7076497968144652, "u-stat": 2282801.0, "u-p_value": 0.27488627696817614}, "granite-3.3-8b-instruct": {"k-stat": 0.0788969771500071, "k-p_value": 9.66912441324453e-06, "u-stat": 1827616.5, "u-p_value": 0.020958043099526882}, "Llama-3.1-8B-Instruct": {"k-stat": 0.7229665515501591, "k-p_value": 8.84e-322, "u-stat": 2123366.5, "u-p_value": 0.0}, "llama-3.1-405b-instruct-fp8": {"k-stat": 0.01692665807369512, "k-p_value": 0.9040150843379924, "u-stat": 2384932.5, "u-p_value": 0.5983025905251689}, "llama-3.3-70b-instruct": {"k-stat": 0.06979281596298872, "k-p_value": 4.6072739010166594e-05, "u-stat": 2438831.5, "u-p_value": 0.09094251387379704}, "mixtral-8x22B-instruct-v0.1": {"k-stat": 0.3439963139391933, "k-p_value": 1.1766972591575276e-115, "u-stat": 3495468.5, "u-p_value": 5.459340454111667e-154}}